route,weekday,hour_of_day,trip_type,student_count
84,THURSDAY,11,Arrival,237
84,TUESDAY,10,Arrival,360
9,WEDNESDAY,7,Arrival,276
84,MONDAY,13,Arrival,154
84,SATURDAY,6,Arrival,9
84,WEDNESDAY,12,Arrival,250
44,MONDAY,9,Arrival,302
99,THURSDAY,7,Arrival,734
99,THURSDAY,14,Arrival,113
99,TUESDAY,7,Arrival,671
33,FRIDAY,14,Arrival,99
33,WEDNESDAY,6,Arrival,109
25,FRIDAY,7,Arrival,118
84,WEDNESDAY,6,Arrival,247
49,MONDAY,11,Arrival,254
9,MONDAY,13,Arrival,84
44,WEDNESDAY,6,Arrival,141
99,MONDAY,7,Arrival,611
33,THURSDAY,10,Arrival,337
33,THURSDAY,13,Arrival,155
14,WEDNESDAY,14,Arrival,39
84,THURSDAY,6,Arrival,342
49,MONDAY,14,Arrival,79
49,SATURDAY,13,Arrival,22
49,TUESDAY,11,Arrival,210
4,FRIDAY,12,Arrival,110
4,THURSDAY,10,Arrival,162
44,WEDNESDAY,10,Arrival,154
44,SUNDAY,10,Arrival,17
9,SATURDAY,7,Arrival,4
84,WEDNESDAY,14,Arrival,99
4,SUNDAY,10,Arrival,13
R4,SATURDAY,19,Arrival,2
9,THURSDAY,13,Arrival,95
4,MONDAY,17,Arrival,6
14,THURSDAY,17,Arrival,4
25,MONDAY,6,Arrival,19
49,SUNDAY,7,Arrival,18
4,SATURDAY,12,Arrival,14
49,SATURDAY,14,Arrival,6
33,THURSDAY,16,Arrival,29
25,SATURDAY,13,Arrival,6
25,MONDAY,16,Arrival,8
4,WEDNESDAY,16,Arrival,10
33,THURSDAY,18,Arrival,2
9,SUNDAY,6,Arrival,2
33,SATURDAY,15,Arrival,3
25,WEDNESDAY,16,Arrival,7
25,SATURDAY,12,Arrival,7
R4,SATURDAY,6,Arrival,5
4,TUESDAY,19,Arrival,2
84,MONDAY,19,Arrival,2
84,WEDNESDAY,17,Arrival,6
R4,THURSDAY,7,Arrival,929
9,MONDAY,8,Arrival,397
84,TUESDAY,7,Arrival,785
49,WEDNESDAY,8,Arrival,645
49,THURSDAY,6,Arrival,219
84,TUESDAY,13,Arrival,166
44,FRIDAY,10,Arrival,149
4,FRIDAY,9,Arrival,277
9,WEDNESDAY,12,Arrival,124
49,TUESDAY,9,Arrival,416
25,SATURDAY,8,Arrival,7
25,WEDNESDAY,8,Arrival,242
R4,TUESDAY,10,Arrival,403
4,FRIDAY,7,Arrival,336
14,WEDNESDAY,10,Arrival,162
25,MONDAY,8,Arrival,237
25,THURSDAY,13,Arrival,81
R4,MONDAY,14,Arrival,111
44,TUESDAY,12,Arrival,129
49,FRIDAY,10,Arrival,270
49,THURSDAY,13,Arrival,108
49,WEDNESDAY,14,Arrival,53
33,FRIDAY,7,Arrival,329
14,TUESDAY,10,Arrival,142
25,WEDNESDAY,6,Arrival,36
44,THURSDAY,12,Arrival,119
49,SUNDAY,13,Arrival,25
33,MONDAY,12,Arrival,200
99,THURSDAY,16,Arrival,22
4,SATURDAY,10,Arrival,15
49,SATURDAY,8,Arrival,18
99,WEDNESDAY,18,Arrival,2
R4,THURSDAY,18,Arrival,3
84,THURSDAY,13,Arrival,169
4,WEDNESDAY,15,Arrival,13
99,FRIDAY,15,Arrival,37
99,SUNDAY,9,Arrival,24
R4,SATURDAY,17,Arrival,1
14,SATURDAY,9,Arrival,12
9,TUESDAY,17,Arrival,5
R4,TUESDAY,15,Arrival,45
44,SATURDAY,14,Arrival,5
44,WEDNESDAY,19,Arrival,1
25,SATURDAY,14,Arrival,8
44,MONDAY,16,Arrival,12
R4,SATURDAY,14,Arrival,10
9,SUNDAY,15,Arrival,1
9,THURSDAY,20,Arrival,1
9,MONDAY,17,Arrival,3
R4,WEDNESDAY,19,Arrival,1
14,TUESDAY,18,Arrival,1
44,THURSDAY,7,Arrival,420
84,FRIDAY,9,Arrival,612
49,WEDNESDAY,9,Arrival,477
4,FRIDAY,8,Arrival,374
99,MONDAY,9,Arrival,612
R4,THURSDAY,11,Arrival,307
49,FRIDAY,16,Arrival,8
49,MONDAY,16,Arrival,12
9,WEDNESDAY,15,Arrival,21
44,TUESDAY,7,Arrival,438
44,WEDNESDAY,8,Arrival,424
49,THURSDAY,7,Arrival,513
R4,WEDNESDAY,11,Arrival,370
14,WEDNESDAY,11,Arrival,161
R4,WEDNESDAY,10,Arrival,418
R4,THURSDAY,8,Arrival,1051
4,MONDAY,7,Arrival,402
49,SATURDAY,11,Arrival,20
84,WEDNESDAY,7,Arrival,709
14,FRIDAY,10,Arrival,156
14,MONDAY,12,Arrival,126
R4,TUESDAY,11,Arrival,283
84,SATURDAY,10,Arrival,36
R4,WEDNESDAY,16,Arrival,13
33,WEDNESDAY,14,Arrival,73
49,SATURDAY,9,Arrival,16
49,WEDNESDAY,11,Arrival,212
9,TUESDAY,13,Arrival,98
49,WEDNESDAY,13,Arrival,99
99,TUESDAY,11,Arrival,274
84,TUESDAY,16,Arrival,20
33,WEDNESDAY,12,Arrival,221
25,FRIDAY,13,Arrival,84
99,THURSDAY,15,Arrival,40
9,WEDNESDAY,18,Arrival,2
25,SUNDAY,10,Arrival,6
9,TUESDAY,15,Arrival,30
R4,SUNDAY,10,Arrival,31
4,TUESDAY,10,Arrival,143
33,THURSDAY,15,Arrival,49
33,TUESDAY,17,Arrival,11
84,SATURDAY,7,Arrival,27
49,MONDAY,17,Arrival,8
25,WEDNESDAY,15,Arrival,26
9,MONDAY,18,Arrival,4
14,SUNDAY,6,Arrival,9
33,SUNDAY,8,Arrival,27
33,SUNDAY,14,Arrival,12
49,SUNDAY,12,Arrival,16
25,SATURDAY,11,Arrival,6
49,SATURDAY,6,Arrival,10
9,THURSDAY,17,Arrival,5
33,SATURDAY,18,Arrival,1
33,FRIDAY,17,Arrival,2
99,MONDAY,19,Arrival,2
84,FRIDAY,17,Arrival,1
25,WEDNESDAY,18,Arrival,2
33,THURSDAY,19,Arrival,1
33,MONDAY,10,Arrival,389
R4,FRIDAY,12,Arrival,289
99,THURSDAY,9,Arrival,642
99,WEDNESDAY,13,Arrival,145
9,THURSDAY,11,Arrival,147
R4,MONDAY,7,Arrival,906
R4,TUESDAY,8,Arrival,1044
44,WEDNESDAY,11,Arrival,150
R4,WEDNESDAY,7,Arrival,928
4,TUESDAY,8,Arrival,429
14,TUESDAY,11,Arrival,118
33,FRIDAY,9,Arrival,519
33,FRIDAY,11,Arrival,266
33,MONDAY,11,Arrival,291
25,MONDAY,9,Arrival,247
9,WEDNESDAY,10,Arrival,240
25,THURSDAY,7,Arrival,168
33,TUESDAY,12,Arrival,184
33,WEDNESDAY,7,Arrival,378
44,MONDAY,12,Arrival,110
9,FRIDAY,11,Arrival,135
4,WEDNESDAY,8,Arrival,404
44,FRIDAY,6,Arrival,100
14,THURSDAY,7,Arrival,432
4,FRIDAY,10,Arrival,158
14,FRIDAY,7,Arrival,349
44,FRIDAY,11,Arrival,159
84,MONDAY,17,Arrival,14
R4,THURSDAY,15,Arrival,62
14,MONDAY,6,Arrival,140
9,FRIDAY,13,Arrival,110
99,FRIDAY,13,Arrival,183
99,WEDNESDAY,6,Arrival,233
99,WEDNESDAY,11,Arrival,308
14,WEDNESDAY,6,Arrival,149
14,FRIDAY,6,Arrival,135
33,SATURDAY,7,Arrival,15
33,SUNDAY,13,Arrival,26
25,MONDAY,14,Arrival,44
25,THURSDAY,16,Arrival,12
84,MONDAY,18,Arrival,7
9,SATURDAY,13,Arrival,18
99,TUESDAY,15,Arrival,46
44,SATURDAY,12,Arrival,15
84,SUNDAY,6,Arrival,12
9,MONDAY,6,Arrival,60
9,WEDNESDAY,6,Arrival,61
9,TUESDAY,18,Arrival,6
4,SUNDAY,7,Arrival,17
14,SATURDAY,12,Arrival,17
25,TUESDAY,16,Arrival,11
33,WEDNESDAY,17,Arrival,9
84,SUNDAY,12,Arrival,23
44,SATURDAY,13,Arrival,13
25,SUNDAY,12,Arrival,10
14,THURSDAY,15,Arrival,18
14,SUNDAY,13,Arrival,10
44,SUNDAY,8,Arrival,14
25,SUNDAY,13,Arrival,14
99,SUNDAY,13,Arrival,25
33,MONDAY,17,Arrival,10
44,SATURDAY,11,Arrival,19
49,WEDNESDAY,15,Arrival,33
99,THURSDAY,17,Arrival,7
99,THURSDAY,18,Arrival,3
49,MONDAY,18,Arrival,2
99,FRIDAY,16,Arrival,6
49,SUNDAY,6,Arrival,6
44,MONDAY,6,Arrival,154
R4,MONDAY,10,Arrival,468
99,FRIDAY,9,Arrival,553
49,THURSDAY,9,Arrival,453
44,FRIDAY,7,Arrival,360
49,TUESDAY,7,Arrival,501
4,THURSDAY,6,Arrival,225
44,WEDNESDAY,7,Arrival,409
R4,FRIDAY,9,Arrival,727
99,TUESDAY,9,Arrival,658
33,THURSDAY,11,Arrival,221
99,WEDNESDAY,8,Arrival,843
25,MONDAY,7,Arrival,116
R4,WEDNESDAY,12,Arrival,310
84,FRIDAY,13,Arrival,206
44,MONDAY,10,Arrival,171
49,TUESDAY,14,Arrival,80
99,TUESDAY,6,Arrival,326
R4,SUNDAY,11,Arrival,43
14,THURSDAY,12,Arrival,139
9,SATURDAY,14,Arrival,11
49,TUESDAY,16,Arrival,14
25,SATURDAY,10,Arrival,10
9,TUESDAY,16,Arrival,9
R4,TUESDAY,16,Arrival,26
4,SATURDAY,7,Arrival,20
84,FRIDAY,15,Arrival,32
R4,FRIDAY,16,Arrival,9
84,THURSDAY,15,Arrival,40
25,THURSDAY,14,Arrival,40
99,SATURDAY,6,Arrival,8
4,SUNDAY,12,Arrival,7
84,MONDAY,16,Arrival,23
33,WEDNESDAY,16,Arrival,25
9,SUNDAY,13,Arrival,17
49,THURSDAY,16,Arrival,14
49,SUNDAY,9,Arrival,21
84,SATURDAY,15,Arrival,3
9,MONDAY,16,Arrival,8
9,SATURDAY,6,Arrival,2
25,SUNDAY,6,Arrival,1
99,SUNDAY,15,Arrival,2
99,TUESDAY,18,Arrival,3
25,THURSDAY,18,Arrival,1
49,TUESDAY,8,Arrival,581
R4,TUESDAY,7,Arrival,1018
R4,FRIDAY,13,Arrival,207
44,WEDNESDAY,12,Arrival,137
14,MONDAY,13,Arrival,80
14,WEDNESDAY,12,Arrival,138
R4,MONDAY,9,Arrival,787
9,TUESDAY,10,Arrival,235
R4,TUESDAY,13,Arrival,199
25,TUESDAY,9,Arrival,253
84,THURSDAY,14,Arrival,108
44,MONDAY,11,Arrival,171
4,TUESDAY,9,Arrival,306
49,FRIDAY,6,Arrival,133
44,FRIDAY,8,Arrival,407
44,MONDAY,13,Arrival,74
4,THURSDAY,11,Arrival,127
84,MONDAY,12,Arrival,246
33,FRIDAY,8,Arrival,583
84,MONDAY,10,Arrival,392
99,FRIDAY,12,Arrival,248
49,SUNDAY,8,Arrival,28
14,FRIDAY,14,Arrival,33
14,TUESDAY,14,Arrival,53
49,THURSDAY,14,Arrival,87
4,FRIDAY,11,Arrival,142
33,FRIDAY,6,Arrival,82
99,SUNDAY,14,Arrival,11
25,MONDAY,12,Arrival,94
99,SATURDAY,7,Arrival,17
44,MONDAY,14,Arrival,29
33,SATURDAY,11,Arrival,28
25,WEDNESDAY,11,Arrival,101
33,SUNDAY,6,Arrival,8
33,SATURDAY,8,Arrival,30
9,SATURDAY,11,Arrival,24
R4,MONDAY,17,Arrival,11
25,SUNDAY,11,Arrival,6
9,THURSDAY,16,Arrival,17
44,SATURDAY,6,Arrival,3
84,TUESDAY,17,Arrival,7
R4,SATURDAY,18,Arrival,2
14,MONDAY,17,Arrival,5
44,SUNDAY,14,Arrival,3
44,TUESDAY,16,Arrival,6
25,THURSDAY,17,Arrival,3
25,MONDAY,17,Arrival,2
9,TUESDAY,20,Arrival,1
33,WEDNESDAY,20,Arrival,1
84,WEDNESDAY,11,Arrival,326
R4,SUNDAY,6,Arrival,10
9,WEDNESDAY,14,Arrival,59
9,FRIDAY,9,Arrival,342
4,MONDAY,6,Arrival,151
33,WEDNESDAY,13,Arrival,166
44,THURSDAY,10,Arrival,145
14,FRIDAY,8,Arrival,380
33,WEDNESDAY,10,Arrival,398
44,THURSDAY,8,Arrival,436
33,WEDNESDAY,11,Arrival,271
25,THURSDAY,10,Arrival,128
14,WEDNESDAY,7,Arrival,400
R4,SUNDAY,13,Arrival,31
R4,FRIDAY,14,Arrival,88
44,THURSDAY,9,Arrival,284
R4,MONDAY,12,Arrival,311
25,MONDAY,13,Arrival,84
44,SUNDAY,13,Arrival,13
84,FRIDAY,7,Arrival,566
R4,MONDAY,11,Arrival,343
84,WEDNESDAY,16,Arrival,23
R4,SUNDAY,9,Arrival,31
84,FRIDAY,16,Arrival,7
44,TUESDAY,11,Arrival,106
33,TUESDAY,13,Arrival,169
33,SATURDAY,6,Arrival,5
4,TUESDAY,11,Arrival,115
44,WEDNESDAY,16,Arrival,10
25,THURSDAY,12,Arrival,73
84,MONDAY,15,Arrival,35
99,TUESDAY,17,Arrival,7
99,SUNDAY,8,Arrival,37
9,SUNDAY,12,Arrival,15
99,SATURDAY,12,Arrival,35
49,WEDNESDAY,16,Arrival,16
99,SUNDAY,11,Arrival,31
R4,MONDAY,15,Arrival,49
49,SATURDAY,7,Arrival,22
33,MONDAY,16,Arrival,14
9,SUNDAY,10,Arrival,12
99,TUESDAY,16,Arrival,20
99,WEDNESDAY,16,Arrival,21
4,SATURDAY,8,Arrival,21
84,SATURDAY,14,Arrival,8
14,SATURDAY,8,Arrival,12
14,SUNDAY,11,Arrival,10
R4,FRIDAY,18,Arrival,2
4,SUNDAY,11,Arrival,19
44,WEDNESDAY,18,Arrival,2
44,WEDNESDAY,17,Arrival,5
25,WEDNESDAY,19,Arrival,2
14,SUNDAY,14,Arrival,3
84,THURSDAY,19,Arrival,3
49,SATURDAY,16,Arrival,1
84,FRIDAY,19,Arrival,1
14,SATURDAY,15,Arrival,1
84,MONDAY,7,Arrival,655
49,MONDAY,8,Arrival,564
33,MONDAY,8,Arrival,619
9,THURSDAY,12,Arrival,114
84,THURSDAY,10,Arrival,388
33,THURSDAY,7,Arrival,439
33,THURSDAY,14,Arrival,104
14,THURSDAY,11,Arrival,112
33,SUNDAY,12,Arrival,24
99,WEDNESDAY,7,Arrival,718
84,THURSDAY,7,Arrival,666
33,TUESDAY,8,Arrival,657
44,FRIDAY,13,Arrival,76
44,WEDNESDAY,13,Arrival,78
9,FRIDAY,14,Arrival,67
84,MONDAY,9,Arrival,660
25,TUESDAY,7,Arrival,170
14,MONDAY,7,Arrival,380
99,THURSDAY,10,Arrival,369
49,TUESDAY,12,Arrival,189
R4,TUESDAY,14,Arrival,128
25,THURSDAY,8,Arrival,254
14,FRIDAY,13,Arrival,72
9,FRIDAY,6,Arrival,60
84,MONDAY,6,Arrival,194
25,TUESDAY,6,Arrival,33
4,THURSDAY,16,Arrival,11
9,MONDAY,15,Arrival,37
14,SATURDAY,11,Arrival,14
44,SATURDAY,9,Arrival,16
33,SUNDAY,7,Arrival,10
9,WEDNESDAY,17,Arrival,6
4,SUNDAY,6,Arrival,3
R4,WEDNESDAY,18,Arrival,4
9,SATURDAY,9,Arrival,6
14,MONDAY,16,Arrival,4
84,THURSDAY,18,Arrival,3
44,FRIDAY,17,Arrival,2
9,SATURDAY,15,Arrival,2
84,SATURDAY,11,Arrival,28
R4,WEDNESDAY,8,Arrival,1104
49,TUESDAY,10,Arrival,275
49,MONDAY,9,Arrival,461
44,THURSDAY,6,Arrival,218
4,MONDAY,8,Arrival,420
9,TUESDAY,7,Arrival,327
R4,FRIDAY,10,Arrival,408
33,SATURDAY,13,Arrival,18
14,MONDAY,8,Arrival,435
84,FRIDAY,10,Arrival,369
44,TUESDAY,9,Arrival,300
25,WEDNESDAY,10,Arrival,187
84,TUESDAY,8,Arrival,794
9,WEDNESDAY,11,Arrival,166
84,FRIDAY,14,Arrival,103
99,MONDAY,11,Arrival,316
33,MONDAY,13,Arrival,173
99,MONDAY,13,Arrival,180
R4,WEDNESDAY,14,Arrival,109
14,TUESDAY,12,Arrival,115
9,THURSDAY,14,Arrival,56
4,THURSDAY,9,Arrival,313
R4,SUNDAY,12,Arrival,26
25,WEDNESDAY,12,Arrival,87
99,THURSDAY,12,Arrival,257
49,SUNDAY,10,Arrival,26
14,SUNDAY,8,Arrival,16
4,FRIDAY,14,Arrival,34
4,TUESDAY,13,Arrival,66
44,SATURDAY,10,Arrival,17
33,SUNDAY,11,Arrival,23
44,THURSDAY,14,Arrival,44
99,SATURDAY,9,Arrival,34
99,MONDAY,17,Arrival,11
4,WEDNESDAY,17,Arrival,6
49,SUNDAY,11,Arrival,26
14,SUNDAY,10,Arrival,16
33,TUESDAY,15,Arrival,49
14,SATURDAY,7,Arrival,12
4,WEDNESDAY,14,Arrival,37
33,SATURDAY,14,Arrival,10
R4,SUNDAY,8,Arrival,25
84,SUNDAY,8,Arrival,25
14,SATURDAY,6,Arrival,8
9,TUESDAY,19,Arrival,2
25,FRIDAY,15,Arrival,12
14,TUESDAY,19,Arrival,1
9,SATURDAY,10,Arrival,9
25,WEDNESDAY,17,Arrival,4
33,THURSDAY,17,Arrival,10
9,SUNDAY,7,Arrival,13
25,SUNDAY,14,Arrival,9
33,SUNDAY,15,Arrival,2
33,MONDAY,19,Arrival,2
84,WEDNESDAY,20,Arrival,1
44,SATURDAY,15,Arrival,3
4,FRIDAY,18,Arrival,1
99,TUESDAY,19,Arrival,1
99,FRIDAY,18,Arrival,1
49,FRIDAY,8,Arrival,485
4,TUESDAY,6,Arrival,205
9,MONDAY,7,Arrival,260
49,FRIDAY,11,Arrival,239
9,MONDAY,14,Arrival,57
44,SUNDAY,11,Arrival,18
44,TUESDAY,10,Arrival,173
4,THURSDAY,8,Arrival,413
9,MONDAY,9,Arrival,364
49,FRIDAY,9,Arrival,383
49,MONDAY,12,Arrival,176
33,FRIDAY,12,Arrival,205
84,MONDAY,11,Arrival,317
99,MONDAY,8,Arrival,844
99,WEDNESDAY,10,Arrival,350
9,THURSDAY,10,Arrival,229
14,THURSDAY,6,Arrival,199
14,TUESDAY,7,Arrival,426
49,MONDAY,10,Arrival,285
84,WEDNESDAY,8,Arrival,780
99,THURSDAY,8,Arrival,799
99,THURSDAY,6,Arrival,332
33,SATURDAY,9,Arrival,19
49,FRIDAY,12,Arrival,183
44,TUESDAY,15,Arrival,14
49,FRIDAY,13,Arrival,117
R4,FRIDAY,15,Arrival,26
4,MONDAY,13,Arrival,78
4,MONDAY,15,Arrival,11
4,MONDAY,11,Arrival,156
4,MONDAY,14,Arrival,37
84,WEDNESDAY,15,Arrival,29
14,SATURDAY,10,Arrival,17
44,THURSDAY,13,Arrival,75
25,TUESDAY,12,Arrival,84
33,TUESDAY,16,Arrival,25
84,SATURDAY,12,Arrival,31
99,SATURDAY,11,Arrival,21
4,SATURDAY,6,Arrival,7
9,TUESDAY,14,Arrival,43
4,FRIDAY,15,Arrival,9
44,FRIDAY,14,Arrival,33
49,MONDAY,15,Arrival,31
84,SATURDAY,13,Arrival,25
49,FRIDAY,15,Arrival,23
84,THURSDAY,17,Arrival,9
14,TUESDAY,17,Arrival,4
14,FRIDAY,16,Arrival,6
25,THURSDAY,20,Arrival,1
33,TUESDAY,19,Arrival,1
49,TUESDAY,19,Arrival,3
44,THURSDAY,18,Arrival,2
25,SUNDAY,15,Arrival,2
99,FRIDAY,17,Arrival,3
R4,MONDAY,19,Arrival,2
33,MONDAY,20,Arrival,1
4,TUESDAY,18,Arrival,1
33,FRIDAY,10,Arrival,330
4,THURSDAY,7,Arrival,407
33,TUESDAY,9,Arrival,579
33,TUESDAY,10,Arrival,355
33,WEDNESDAY,8,Arrival,636
99,FRIDAY,6,Arrival,186
25,FRIDAY,10,Arrival,169
25,TUESDAY,14,Arrival,41
99,MONDAY,6,Arrival,205
25,TUESDAY,11,Arrival,87
99,FRIDAY,8,Arrival,711
4,FRIDAY,13,Arrival,85
4,SUNDAY,8,Arrival,10
25,TUESDAY,10,Arrival,156
84,TUESDAY,11,Arrival,242
33,MONDAY,15,Arrival,51
25,FRIDAY,14,Arrival,40
33,FRIDAY,15,Arrival,41
14,TUESDAY,15,Arrival,16
84,SUNDAY,10,Arrival,28
49,FRIDAY,14,Arrival,60
44,SATURDAY,8,Arrival,19
33,FRIDAY,16,Arrival,10
44,TUESDAY,14,Arrival,45
4,SATURDAY,13,Arrival,13
84,SATURDAY,9,Arrival,23
99,SATURDAY,10,Arrival,25
44,THURSDAY,15,Arrival,16
84,TUESDAY,15,Arrival,35
4,THURSDAY,14,Arrival,51
R4,THURSDAY,16,Arrival,14
4,SATURDAY,14,Arrival,2
R4,THURSDAY,17,Arrival,8
14,FRIDAY,18,Arrival,1
49,THURSDAY,18,Arrival,2
25,TUESDAY,17,Arrival,4
25,MONDAY,19,Arrival,1
4,MONDAY,19,Arrival,3
R4,FRIDAY,17,Arrival,1
49,THURSDAY,19,Arrival,1
R4,TUESDAY,18,Arrival,5
99,THURSDAY,19,Arrival,1
84,SATURDAY,17,Arrival,1
49,FRIDAY,17,Arrival,1
44,TUESDAY,8,Arrival,411
84,TUESDAY,12,Arrival,223
49,THURSDAY,10,Arrival,258
4,WEDNESDAY,10,Arrival,170
84,MONDAY,8,Arrival,846
84,FRIDAY,8,Arrival,715
49,WEDNESDAY,12,Arrival,180
9,WEDNESDAY,8,Arrival,410
9,FRIDAY,12,Arrival,135
49,MONDAY,13,Arrival,87
R4,THURSDAY,9,Arrival,767
4,FRIDAY,6,Arrival,111
25,THURSDAY,11,Arrival,93
99,WEDNESDAY,9,Arrival,712
25,FRIDAY,12,Arrival,78
25,WEDNESDAY,7,Arrival,143
44,THURSDAY,11,Arrival,114
25,FRIDAY,6,Arrival,13
99,THURSDAY,11,Arrival,233
4,WEDNESDAY,12,Arrival,127
4,MONDAY,10,Arrival,160
44,TUESDAY,13,Arrival,59
33,TUESDAY,14,Arrival,103
99,WEDNESDAY,14,Arrival,88
99,MONDAY,14,Arrival,117
33,THURSDAY,12,Arrival,203
84,TUESDAY,14,Arrival,110
99,SATURDAY,13,Arrival,29
99,WEDNESDAY,15,Arrival,49
25,FRIDAY,8,Arrival,225
4,THURSDAY,12,Arrival,112
25,FRIDAY,11,Arrival,84
99,SATURDAY,8,Arrival,23
9,SUNDAY,9,Arrival,17
4,TUESDAY,14,Arrival,34
R4,SUNDAY,14,Arrival,16
14,WEDNESDAY,17,Arrival,2
R4,SATURDAY,11,Arrival,32
33,SATURDAY,12,Arrival,21
99,SUNDAY,12,Arrival,23
44,WEDNESDAY,15,Arrival,16
25,SUNDAY,7,Arrival,5
49,TUESDAY,17,Arrival,3
84,SUNDAY,11,Arrival,27
9,SATURDAY,12,Arrival,10
25,SUNDAY,9,Arrival,7
49,SATURDAY,15,Arrival,1
49,TUESDAY,18,Arrival,4
49,MONDAY,19,Arrival,2
9,MONDAY,19,Arrival,1
84,TUESDAY,20,Arrival,1
R4,SATURDAY,16,Arrival,1
33,FRIDAY,19,Arrival,1
14,MONDAY,18,Arrival,1
14,SATURDAY,16,Arrival,1
33,THURSDAY,9,Arrival,603
33,TUESDAY,7,Arrival,486
R4,TUESDAY,9,Arrival,763
9,FRIDAY,16,Arrival,5
9,MONDAY,12,Arrival,144
9,THURSDAY,9,Arrival,352
9,TUESDAY,8,Arrival,412
84,WEDNESDAY,10,Arrival,368
44,MONDAY,8,Arrival,397
R4,TUESDAY,12,Arrival,277
49,FRIDAY,7,Arrival,423
R4,FRIDAY,8,Arrival,880
14,TUESDAY,8,Arrival,438
R4,THURSDAY,12,Arrival,303
14,THURSDAY,8,Arrival,466
84,WEDNESDAY,9,Arrival,684
99,SUNDAY,7,Arrival,24
33,MONDAY,6,Arrival,100
33,THURSDAY,8,Arrival,682
84,TUESDAY,6,Arrival,325
99,FRIDAY,11,Arrival,288
99,THURSDAY,13,Arrival,196
9,TUESDAY,12,Arrival,113
9,MONDAY,10,Arrival,262
49,MONDAY,7,Arrival,472
49,TUESDAY,6,Arrival,250
99,TUESDAY,8,Arrival,847
44,WEDNESDAY,9,Arrival,301
44,FRIDAY,12,Arrival,124
49,MONDAY,6,Arrival,141
99,FRIDAY,7,Arrival,566
99,FRIDAY,10,Arrival,387
25,MONDAY,10,Arrival,175
44,THURSDAY,17,Arrival,2
33,FRIDAY,13,Arrival,170
44,TUESDAY,6,Arrival,203
84,MONDAY,14,Arrival,74
14,SUNDAY,7,Arrival,12
99,WEDNESDAY,12,Arrival,216
84,WEDNESDAY,13,Arrival,157
14,TUESDAY,13,Arrival,74
9,SUNDAY,14,Arrival,5
33,SUNDAY,9,Arrival,26
25,THURSDAY,6,Arrival,37
44,MONDAY,17,Arrival,4
4,MONDAY,16,Arrival,10
4,TUESDAY,15,Arrival,10
44,MONDAY,18,Arrival,2
44,SUNDAY,9,Arrival,6
84,WEDNESDAY,18,Arrival,2
99,SATURDAY,14,Arrival,8
4,TUESDAY,17,Arrival,1
R4,TUESDAY,19,Arrival,1
84,FRIDAY,18,Arrival,1
44,FRIDAY,16,Arrival,1
9,THURSDAY,18,Arrival,1
33,WEDNESDAY,9,Arrival,617
R4,WEDNESDAY,13,Arrival,182
84,THURSDAY,9,Arrival,651
9,THURSDAY,7,Arrival,305
49,THURSDAY,11,Arrival,193
R4,THURSDAY,10,Arrival,399
9,TUESDAY,11,Arrival,117
44,MONDAY,7,Arrival,393
44,FRIDAY,9,Arrival,261
14,THURSDAY,9,Arrival,281
49,WEDNESDAY,7,Arrival,486
14,FRIDAY,9,Arrival,282
14,TUESDAY,6,Arrival,206
33,MONDAY,7,Arrival,389
4,THURSDAY,13,Arrival,60
33,TUESDAY,11,Arrival,228
99,MONDAY,10,Arrival,380
9,FRIDAY,8,Arrival,363
9,MONDAY,11,Arrival,156
25,FRIDAY,9,Arrival,211
14,FRIDAY,11,Arrival,164
14,THURSDAY,10,Arrival,167
99,MONDAY,12,Arrival,251
14,TUESDAY,9,Arrival,351
14,MONDAY,9,Arrival,337
33,MONDAY,9,Arrival,517
9,WEDNESDAY,13,Arrival,107
R4,WEDNESDAY,6,Arrival,322
49,WEDNESDAY,6,Arrival,179
84,THURSDAY,12,Arrival,246
14,FRIDAY,12,Arrival,132
14,THURSDAY,13,Arrival,72
14,WEDNESDAY,16,Arrival,8
25,TUESDAY,13,Arrival,63
33,MONDAY,14,Arrival,87
33,WEDNESDAY,15,Arrival,42
25,MONDAY,15,Arrival,16
14,TUESDAY,16,Arrival,14
14,FRIDAY,15,Arrival,18
33,THURSDAY,6,Arrival,134
4,SATURDAY,11,Arrival,14
9,SUNDAY,8,Arrival,15
R4,SATURDAY,7,Arrival,34
84,SUNDAY,9,Arrival,23
R4,SATURDAY,10,Arrival,53
4,MONDAY,18,Arrival,5
44,SATURDAY,7,Arrival,14
25,THURSDAY,15,Arrival,31
33,SUNDAY,10,Arrival,21
84,SUNDAY,13,Arrival,39
9,SUNDAY,11,Arrival,9
84,SUNDAY,14,Arrival,7
9,SATURDAY,8,Arrival,11
84,WEDNESDAY,19,Arrival,3
4,FRIDAY,16,Arrival,2
33,WEDNESDAY,18,Arrival,5
84,SUNDAY,7,Arrival,22
25,SATURDAY,9,Arrival,5
25,SATURDAY,7,Arrival,5
25,MONDAY,18,Arrival,2
44,TUESDAY,17,Arrival,2
99,MONDAY,18,Arrival,2
R4,SATURDAY,15,Arrival,2
R4,THURSDAY,20,Arrival,1
44,TUESDAY,18,Arrival,1
84,THURSDAY,8,Arrival,836
R4,THURSDAY,13,Arrival,210
R4,WEDNESDAY,9,Arrival,783
4,MONDAY,9,Arrival,302
4,WEDNESDAY,9,Arrival,298
4,WEDNESDAY,6,Arrival,145
9,THURSDAY,8,Arrival,427
84,TUESDAY,9,Arrival,685
4,TUESDAY,7,Arrival,442
4,MONDAY,12,Arrival,100
49,THURSDAY,8,Arrival,584
4,WEDNESDAY,13,Arrival,71
84,FRIDAY,11,Arrival,268
14,WEDNESDAY,8,Arrival,434
R4,SATURDAY,13,Arrival,35
14,WEDNESDAY,13,Arrival,80
84,FRIDAY,12,Arrival,235
R4,SATURDAY,9,Arrival,33
84,FRIDAY,6,Arrival,172
99,FRIDAY,14,Arrival,82
99,TUESDAY,12,Arrival,254
4,WEDNESDAY,11,Arrival,163
84,THURSDAY,16,Arrival,14
44,MONDAY,15,Arrival,13
44,WEDNESDAY,14,Arrival,48
R4,THURSDAY,14,Arrival,119
9,FRIDAY,10,Arrival,211
25,WEDNESDAY,13,Arrival,61
49,THURSDAY,15,Arrival,25
14,MONDAY,14,Arrival,49
4,SATURDAY,9,Arrival,10
33,SATURDAY,10,Arrival,24
14,SUNDAY,12,Arrival,11
4,TUESDAY,12,Arrival,121
14,SATURDAY,13,Arrival,17
14,MONDAY,15,Arrival,17
49,TUESDAY,15,Arrival,29
44,SATURDAY,17,Arrival,1
R4,SATURDAY,8,Arrival,32
14,SATURDAY,14,Arrival,4
49,SATURDAY,10,Arrival,16
49,WEDNESDAY,19,Arrival,2
4,SUNDAY,14,Arrival,4
44,FRIDAY,15,Arrival,14
14,WEDNESDAY,15,Arrival,20
R4,MONDAY,16,Arrival,10
49,SUNDAY,14,Arrival,6
49,SATURDAY,12,Arrival,14
49,WEDNESDAY,17,Arrival,6
44,SUNDAY,6,Arrival,7
99,SUNDAY,6,Arrival,7
99,WEDNESDAY,19,Arrival,1
4,THURSDAY,18,Arrival,1
25,SUNDAY,8,Arrival,7
25,SATURDAY,6,Arrival,2
9,SATURDAY,20,Arrival,1
99,TUESDAY,14,Arrival,103
9,TUESDAY,9,Arrival,345
R4,FRIDAY,7,Arrival,778
R4,TUESDAY,6,Arrival,431
9,TUESDAY,6,Arrival,109
9,WEDNESDAY,9,Arrival,371
R4,MONDAY,6,Arrival,311
R4,FRIDAY,11,Arrival,383
R4,THURSDAY,6,Arrival,470
14,THURSDAY,14,Arrival,50
14,WEDNESDAY,9,Arrival,332
25,WEDNESDAY,9,Arrival,216
25,MONDAY,11,Arrival,100
R4,MONDAY,8,Arrival,990
14,MONDAY,10,Arrival,194
25,TUESDAY,8,Arrival,258
49,WEDNESDAY,10,Arrival,253
25,THURSDAY,9,Arrival,254
14,MONDAY,11,Arrival,144
R4,FRIDAY,6,Arrival,262
99,TUESDAY,10,Arrival,336
9,FRIDAY,7,Arrival,222
99,TUESDAY,13,Arrival,149
33,TUESDAY,6,Arrival,134
49,TUESDAY,13,Arrival,117
49,THURSDAY,12,Arrival,190
99,MONDAY,15,Arrival,50
R4,SUNDAY,7,Arrival,31
R4,MONDAY,13,Arrival,202
4,WEDNESDAY,7,Arrival,438
99,SUNDAY,10,Arrival,21
84,SATURDAY,8,Arrival,29
R4,SATURDAY,12,Arrival,33
R4,TUESDAY,17,Arrival,6
9,THURSDAY,6,Arrival,98
44,SUNDAY,12,Arrival,11
44,SUNDAY,7,Arrival,11
25,WEDNESDAY,14,Arrival,33
4,SUNDAY,9,Arrival,19
9,WEDNESDAY,16,Arrival,15
R4,WEDNESDAY,15,Arrival,41
9,THURSDAY,15,Arrival,33
25,FRIDAY,16,Arrival,5
84,TUESDAY,18,Arrival,4
99,WEDNESDAY,17,Arrival,5
25,TUESDAY,15,Arrival,15
4,THURSDAY,15,Arrival,14
33,TUESDAY,18,Arrival,6
4,TUESDAY,16,Arrival,9
9,FRIDAY,15,Arrival,20
14,THURSDAY,16,Arrival,9
14,SUNDAY,9,Arrival,15
R4,WEDNESDAY,17,Arrival,11
99,MONDAY,16,Arrival,14
R4,MONDAY,18,Arrival,6
4,SUNDAY,13,Arrival,11
33,MONDAY,18,Arrival,4
49,THURSDAY,17,Arrival,4
44,THURSDAY,16,Arrival,5
49,MONDAY,14,Departure,193
49,TUESDAY,11,Departure,47
84,WEDNESDAY,14,Departure,267
4,MONDAY,17,Departure,336
49,FRIDAY,19,Departure,71
33,THURSDAY,18,Departure,639
14,THURSDAY,17,Departure,352
33,THURSDAY,16,Departure,454
25,MONDAY,16,Departure,212
25,THURSDAY,21,Departure,21
84,WEDNESDAY,17,Departure,647
25,WEDNESDAY,16,Departure,187
99,THURSDAY,14,Departure,234
9,MONDAY,13,Departure,139
4,THURSDAY,23,Departure,8
84,MONDAY,19,Departure,236
4,WEDNESDAY,16,Departure,321
49,FRIDAY,18,Departure,213
33,FRIDAY,14,Departure,266
84,WEDNESDAY,12,Departure,185
44,WEDNESDAY,20,Departure,82
33,WEDNESDAY,21,Departure,94
33,THURSDAY,13,Departure,178
84,MONDAY,13,Departure,267
14,TUESDAY,21,Departure,38
49,SATURDAY,13,Departure,18
84,THURSDAY,11,Departure,85
25,SATURDAY,13,Departure,6
4,FRIDAY,12,Departure,157
14,WEDNESDAY,14,Departure,157
4,THURSDAY,10,Departure,28
84,TUESDAY,10,Departure,44
9,THURSDAY,13,Departure,88
44,WEDNESDAY,10,Departure,20
25,SATURDAY,12,Departure,9
4,TUESDAY,19,Departure,166
33,THURSDAY,10,Departure,22
44,SUNDAY,10,Departure,11
25,FRIDAY,18,Departure,87
25,WEDNESDAY,20,Departure,64
33,THURSDAY,21,Departure,78
33,SATURDAY,15,Departure,25
44,SATURDAY,20,Departure,1
25,WEDNESDAY,21,Departure,25
49,MONDAY,11,Departure,66
49,SATURDAY,14,Departure,17
4,SUNDAY,10,Departure,8
4,SATURDAY,12,Departure,16
44,MONDAY,9,Departure,6
99,SUNDAY,19,Departure,1
R4,SATURDAY,19,Departure,2
9,SATURDAY,19,Departure,1
84,SATURDAY,19,Departure,1
44,MONDAY,16,Departure,300
44,THURSDAY,12,Departure,85
99,WEDNESDAY,18,Departure,574
9,TUESDAY,17,Departure,372
49,WEDNESDAY,14,Departure,158
9,MONDAY,17,Departure,339
R4,WEDNESDAY,19,Departure,397
44,TUESDAY,12,Departure,86
R4,TUESDAY,15,Departure,381
4,WEDNESDAY,15,Departure,251
4,THURSDAY,17,Departure,330
14,TUESDAY,18,Departure,309
R4,THURSDAY,18,Departure,870
99,FRIDAY,15,Departure,497
99,THURSDAY,16,Departure,596
9,THURSDAY,20,Departure,129
R4,TUESDAY,21,Departure,81
84,TUESDAY,13,Departure,231
R4,SATURDAY,17,Departure,34
R4,MONDAY,14,Departure,351
84,THURSDAY,13,Departure,247
44,FRIDAY,10,Departure,53
44,TUESDAY,19,Departure,158
14,TUESDAY,10,Departure,24
14,WEDNESDAY,10,Departure,20
33,MONDAY,12,Departure,135
25,THURSDAY,13,Departure,62
44,SATURDAY,14,Departure,17
49,THURSDAY,13,Departure,154
9,WEDNESDAY,12,Departure,92
R4,TUESDAY,10,Departure,41
49,THURSDAY,21,Departure,71
14,MONDAY,21,Departure,36
9,MONDAY,20,Departure,69
49,FRIDAY,20,Departure,16
4,MONDAY,22,Departure,20
4,SATURDAY,10,Departure,16
44,WEDNESDAY,19,Departure,135
84,FRIDAY,20,Departure,16
9,MONDAY,23,Departure,7
25,WEDNESDAY,22,Departure,17
R4,SATURDAY,14,Departure,45
25,MONDAY,21,Departure,20
14,SATURDAY,9,Departure,2
49,FRIDAY,10,Departure,36
49,SUNDAY,13,Departure,16
4,FRIDAY,9,Departure,8
9,SUNDAY,15,Departure,12
99,FRIDAY,22,Departure,8
14,WEDNESDAY,23,Departure,8
25,SATURDAY,14,Departure,7
44,FRIDAY,20,Departure,5
49,FRIDAY,21,Departure,2
R4,MONDAY,23,Departure,15
4,FRIDAY,22,Departure,1
4,SUNDAY,17,Departure,4
99,SUNDAY,9,Departure,1
25,FRIDAY,23,Departure,1
84,SUNDAY,18,Departure,1
33,FRIDAY,17,Departure,436
33,WEDNESDAY,14,Departure,214
9,WEDNESDAY,15,Departure,191
84,TUESDAY,16,Departure,536
9,WEDNESDAY,18,Departure,322
33,TUESDAY,17,Departure,564
9,THURSDAY,17,Departure,337
49,FRIDAY,16,Departure,437
49,MONDAY,17,Departure,517
R4,WEDNESDAY,16,Departure,722
R4,WEDNESDAY,11,Departure,129
33,THURSDAY,15,Departure,206
33,THURSDAY,19,Departure,302
33,WEDNESDAY,12,Departure,111
25,FRIDAY,13,Departure,108
25,SATURDAY,11,Departure,3
84,FRIDAY,17,Departure,511
9,TUESDAY,15,Departure,121
99,THURSDAY,15,Departure,366
14,MONDAY,12,Departure,114
44,SUNDAY,16,Departure,13
R4,TUESDAY,11,Departure,129
R4,SUNDAY,15,Departure,34
49,TUESDAY,20,Departure,171
49,MONDAY,16,Departure,379
25,TUESDAY,18,Departure,227
25,WEDNESDAY,18,Departure,213
99,MONDAY,19,Departure,256
R4,SUNDAY,10,Departure,16
84,TUESDAY,19,Departure,364
33,SUNDAY,17,Departure,26
9,TUESDAY,13,Departure,105
49,WEDNESDAY,11,Departure,58
R4,MONDAY,21,Departure,87
14,FRIDAY,10,Departure,50
49,WEDNESDAY,13,Departure,168
33,SUNDAY,14,Departure,25
25,WEDNESDAY,15,Departure,118
99,TUESDAY,11,Departure,91
4,THURSDAY,19,Departure,166
14,WEDNESDAY,11,Departure,58
9,MONDAY,18,Departure,280
R4,WEDNESDAY,10,Departure,52
R4,THURSDAY,11,Departure,116
33,THURSDAY,20,Departure,177
49,SUNDAY,12,Departure,32
33,SATURDAY,18,Departure,6
99,MONDAY,9,Departure,10
49,MONDAY,22,Departure,17
49,SATURDAY,11,Departure,21
84,SATURDAY,10,Departure,18
14,SATURDAY,18,Departure,4
99,SUNDAY,16,Departure,25
4,TUESDAY,10,Departure,22
25,SUNDAY,10,Departure,3
4,THURSDAY,22,Departure,14
25,SATURDAY,16,Departure,6
25,SATURDAY,17,Departure,9
R4,FRIDAY,22,Departure,9
84,FRIDAY,9,Departure,11
9,FRIDAY,21,Departure,2
99,SATURDAY,18,Departure,2
25,SUNDAY,18,Departure,3
9,SATURDAY,18,Departure,2
99,FRIDAY,16,Departure,596
9,TUESDAY,18,Departure,406
R4,FRIDAY,12,Departure,367
49,WEDNESDAY,15,Departure,281
44,FRIDAY,11,Departure,120
44,TUESDAY,20,Departure,83
4,THURSDAY,20,Departure,102
9,THURSDAY,11,Departure,39
14,WEDNESDAY,19,Departure,147
14,FRIDAY,17,Departure,218
33,MONDAY,17,Departure,553
49,MONDAY,18,Departure,400
99,THURSDAY,17,Departure,691
33,TUESDAY,12,Departure,121
14,MONDAY,20,Departure,66
99,THURSDAY,18,Departure,699
25,THURSDAY,16,Departure,188
R4,THURSDAY,15,Departure,413
25,MONDAY,14,Departure,79
14,THURSDAY,15,Departure,194
4,WEDNESDAY,18,Departure,221
84,MONDAY,18,Departure,479
44,MONDAY,12,Departure,103
84,MONDAY,17,Departure,658
33,FRIDAY,11,Departure,118
99,WEDNESDAY,11,Departure,106
99,WEDNESDAY,13,Departure,222
44,WEDNESDAY,11,Departure,66
9,FRIDAY,11,Departure,88
14,TUESDAY,11,Departure,58
33,WEDNESDAY,17,Departure,535
25,TUESDAY,16,Departure,169
33,MONDAY,11,Departure,81
99,SUNDAY,13,Departure,24
99,TUESDAY,15,Departure,318
99,FRIDAY,13,Departure,368
44,THURSDAY,20,Departure,76
9,FRIDAY,13,Departure,184
99,WEDNESDAY,20,Departure,155
33,MONDAY,21,Departure,59
25,SUNDAY,13,Departure,5
44,SATURDAY,12,Departure,19
9,TUESDAY,21,Departure,33
14,SUNDAY,13,Departure,9
33,SUNDAY,13,Departure,21
4,FRIDAY,10,Departure,59
33,THURSDAY,23,Departure,19
14,SATURDAY,12,Departure,12
4,SATURDAY,16,Departure,16
9,SATURDAY,13,Departure,10
84,SUNDAY,12,Departure,22
33,MONDAY,10,Departure,21
99,FRIDAY,21,Departure,7
44,SATURDAY,11,Departure,13
9,WEDNESDAY,10,Departure,4
44,MONDAY,23,Departure,1
14,SATURDAY,17,Departure,10
44,SATURDAY,13,Departure,19
33,WEDNESDAY,23,Departure,7
25,SUNDAY,12,Departure,8
99,THURSDAY,9,Departure,9
49,FRIDAY,23,Departure,3
49,SATURDAY,20,Departure,1
84,FRIDAY,13,Departure,362
84,SATURDAY,15,Departure,36
99,TUESDAY,18,Departure,697
R4,TUESDAY,16,Departure,686
84,MONDAY,16,Departure,577
84,THURSDAY,15,Departure,329
9,TUESDAY,16,Departure,248
49,THURSDAY,16,Departure,387
33,WEDNESDAY,16,Departure,448
49,TUESDAY,16,Departure,394
R4,FRIDAY,16,Departure,756
49,TUESDAY,14,Departure,168
84,FRIDAY,15,Departure,495
25,THURSDAY,14,Departure,70
R4,WEDNESDAY,20,Departure,217
33,THURSDAY,11,Departure,58
9,MONDAY,16,Departure,306
25,THURSDAY,18,Departure,236
99,MONDAY,22,Departure,26
R4,WEDNESDAY,22,Departure,45
99,TUESDAY,20,Departure,204
R4,MONDAY,10,Departure,53
R4,WEDNESDAY,12,Departure,184
49,WEDNESDAY,20,Departure,142
R4,SUNDAY,11,Departure,33
R4,THURSDAY,22,Departure,47
14,THURSDAY,12,Departure,84
4,SATURDAY,15,Departure,14
44,SUNDAY,15,Departure,15
4,FRIDAY,19,Departure,32
9,SUNDAY,13,Departure,20
4,SUNDAY,12,Departure,12
4,WEDNESDAY,22,Departure,18
99,SUNDAY,15,Departure,30
14,MONDAY,23,Departure,2
99,TUESDAY,9,Departure,4
4,SUNDAY,18,Departure,2
R4,FRIDAY,20,Departure,14
14,FRIDAY,19,Departure,41
44,MONDAY,10,Departure,24
R4,FRIDAY,21,Departure,14
84,SATURDAY,18,Departure,3
99,THURSDAY,22,Departure,29
R4,FRIDAY,9,Departure,12
49,SUNDAY,17,Departure,19
4,MONDAY,23,Departure,6
14,FRIDAY,21,Departure,1
44,SUNDAY,17,Departure,7
99,FRIDAY,9,Departure,7
33,FRIDAY,22,Departure,5
9,SATURDAY,14,Departure,15
25,SATURDAY,10,Departure,6
84,FRIDAY,23,Departure,2
25,WEDNESDAY,23,Departure,4
14,SUNDAY,18,Departure,1
44,THURSDAY,23,Departure,3
R4,TUESDAY,13,Departure,261
4,FRIDAY,11,Departure,112
84,TUESDAY,17,Departure,709
9,THURSDAY,16,Departure,263
R4,MONDAY,17,Departure,837
44,SUNDAY,14,Departure,16
44,MONDAY,13,Departure,118
44,WEDNESDAY,12,Departure,90
R4,FRIDAY,13,Departure,457
33,TUESDAY,20,Departure,211
25,WEDNESDAY,11,Departure,31
44,MONDAY,14,Departure,161
14,FRIDAY,14,Departure,216
14,MONDAY,17,Departure,332
25,THURSDAY,17,Departure,210
44,TUESDAY,16,Departure,272
14,MONDAY,13,Departure,120
84,THURSDAY,14,Departure,247
99,FRIDAY,12,Departure,293
14,TUESDAY,14,Departure,108
25,MONDAY,17,Departure,222
84,MONDAY,12,Departure,199
14,WEDNESDAY,12,Departure,75
25,THURSDAY,19,Departure,130
44,MONDAY,11,Departure,70
33,SATURDAY,11,Departure,27
49,THURSDAY,14,Departure,156
33,WEDNESDAY,20,Departure,183
4,TUESDAY,20,Departure,92
4,THURSDAY,11,Departure,43
9,TUESDAY,10,Departure,22
9,SUNDAY,17,Departure,18
9,SATURDAY,11,Departure,8
9,TUESDAY,20,Departure,116
84,WEDNESDAY,21,Departure,73
99,SUNDAY,14,Departure,25
99,MONDAY,23,Departure,10
25,THURSDAY,22,Departure,13
99,SATURDAY,15,Departure,26
25,TUESDAY,20,Departure,87
49,THURSDAY,23,Departure,15
99,WEDNESDAY,23,Departure,13
44,WEDNESDAY,23,Departure,3
84,MONDAY,10,Departure,30
33,MONDAY,23,Departure,10
4,TUESDAY,9,Departure,6
4,WEDNESDAY,23,Departure,2
R4,MONDAY,9,Departure,8
25,MONDAY,12,Departure,45
25,SUNDAY,11,Departure,8
9,SATURDAY,16,Departure,10
R4,SATURDAY,18,Departure,5
9,SATURDAY,23,Departure,1
44,TUESDAY,11,Departure,50
R4,SUNDAY,9,Departure,2
9,THURSDAY,19,Departure,179
84,WEDNESDAY,16,Departure,617
R4,MONDAY,15,Departure,540
R4,MONDAY,11,Departure,139
84,MONDAY,15,Departure,494
44,WEDNESDAY,16,Departure,304
44,WEDNESDAY,18,Departure,260
44,WEDNESDAY,17,Departure,327
R4,FRIDAY,18,Departure,338
49,WEDNESDAY,16,Departure,424
99,TUESDAY,17,Departure,679
84,FRIDAY,16,Departure,581
99,SUNDAY,11,Departure,28
99,TUESDAY,16,Departure,560
84,THURSDAY,19,Departure,342
4,SUNDAY,11,Departure,17
99,WEDNESDAY,16,Departure,589
14,THURSDAY,18,Departure,330
33,WEDNESDAY,10,Departure,24
33,MONDAY,16,Departure,442
33,WEDNESDAY,13,Departure,185
R4,SUNDAY,13,Departure,39
84,FRIDAY,19,Departure,85
33,TUESDAY,13,Departure,168
33,WEDNESDAY,11,Departure,53
25,THURSDAY,12,Departure,58
R4,FRIDAY,19,Departure,114
R4,FRIDAY,14,Departure,429
44,MONDAY,20,Departure,65
25,WEDNESDAY,19,Departure,93
99,SATURDAY,12,Departure,30
49,MONDAY,23,Departure,8
49,SATURDAY,16,Departure,18
R4,MONDAY,12,Departure,235
14,SUNDAY,11,Departure,18
84,SATURDAY,14,Departure,24
44,SUNDAY,13,Departure,13
9,SUNDAY,12,Departure,14
9,WEDNESDAY,14,Departure,124
84,WEDNESDAY,11,Departure,111
14,SUNDAY,14,Departure,15
33,SUNDAY,16,Departure,21
9,THURSDAY,22,Departure,20
4,TUESDAY,11,Departure,68
14,SATURDAY,15,Departure,17
25,MONDAY,13,Departure,79
44,FRIDAY,19,Departure,40
44,THURSDAY,10,Departure,27
25,SUNDAY,17,Departure,11
49,THURSDAY,22,Departure,25
9,SUNDAY,16,Departure,9
25,THURSDAY,10,Departure,15
84,TUESDAY,23,Departure,13
49,WEDNESDAY,23,Departure,5
99,THURSDAY,23,Departure,12
9,SUNDAY,10,Departure,8
44,THURSDAY,9,Departure,6
44,FRIDAY,21,Departure,3
25,SATURDAY,18,Departure,2
25,FRIDAY,22,Departure,1
84,THURSDAY,18,Departure,688
R4,WEDNESDAY,18,Departure,729
9,MONDAY,15,Departure,218
9,WEDNESDAY,17,Departure,339
4,THURSDAY,16,Departure,323
14,MONDAY,16,Departure,325
44,FRIDAY,17,Departure,233
14,FRIDAY,13,Departure,192
9,WEDNESDAY,21,Departure,53
R4,TUESDAY,14,Departure,312
9,THURSDAY,12,Departure,93
33,THURSDAY,14,Departure,178
9,FRIDAY,14,Departure,168
44,FRIDAY,13,Departure,196
49,TUESDAY,12,Departure,118
99,FRIDAY,19,Departure,84
R4,SUNDAY,16,Departure,33
33,WEDNESDAY,19,Departure,279
14,THURSDAY,23,Departure,8
44,THURSDAY,21,Departure,34
99,TUESDAY,23,Departure,14
84,THURSDAY,10,Departure,42
44,MONDAY,21,Departure,36
99,THURSDAY,10,Departure,35
44,WEDNESDAY,13,Departure,106
84,SATURDAY,16,Departure,25
84,THURSDAY,22,Departure,33
14,SATURDAY,11,Departure,9
14,THURSDAY,11,Departure,52
9,SATURDAY,15,Departure,19
44,TUESDAY,22,Departure,14
84,MONDAY,9,Departure,3
33,SUNDAY,12,Departure,33
33,TUESDAY,23,Departure,13
33,FRIDAY,21,Departure,4
9,WEDNESDAY,22,Departure,17
25,FRIDAY,20,Departure,6
25,SATURDAY,15,Departure,8
R4,SATURDAY,22,Departure,2
44,SATURDAY,9,Departure,2
84,SATURDAY,20,Departure,1
84,MONDAY,22,Departure,31
33,TUESDAY,15,Departure,215
4,WEDNESDAY,17,Departure,335
99,MONDAY,17,Departure,637
44,THURSDAY,14,Departure,126
33,MONDAY,13,Departure,204
14,TUESDAY,19,Departure,179
99,FRIDAY,18,Departure,240
33,MONDAY,19,Departure,242
33,SUNDAY,15,Departure,21
25,WEDNESDAY,12,Departure,50
33,FRIDAY,18,Departure,270
33,THURSDAY,17,Departure,489
R4,WEDNESDAY,14,Departure,356
14,THURSDAY,19,Departure,197
25,FRIDAY,15,Departure,140
25,WEDNESDAY,17,Departure,199
84,FRIDAY,14,Departure,354
33,WEDNESDAY,22,Departure,36
R4,FRIDAY,10,Departure,95
9,FRIDAY,18,Departure,156
99,THURSDAY,12,Departure,185
84,WEDNESDAY,20,Departure,172
99,MONDAY,13,Departure,216
9,THURSDAY,14,Departure,128
14,TUESDAY,12,Departure,94
99,MONDAY,21,Departure,65
33,SATURDAY,13,Departure,23
4,THURSDAY,9,Departure,9
9,TUESDAY,19,Departure,180
9,WEDNESDAY,11,Departure,42
99,THURSDAY,20,Departure,180
4,FRIDAY,14,Departure,212
4,FRIDAY,18,Departure,104
14,MONDAY,22,Departure,14
R4,SUNDAY,12,Departure,23
R4,MONDAY,20,Departure,160
84,FRIDAY,10,Departure,78
4,TUESDAY,13,Departure,116
4,WEDNESDAY,19,Departure,150
99,TUESDAY,19,Departure,348
99,MONDAY,11,Departure,110
44,SATURDAY,15,Departure,22
4,WEDNESDAY,14,Departure,166
49,SUNDAY,15,Departure,20
4,TUESDAY,23,Departure,7
49,TUESDAY,22,Departure,33
99,SATURDAY,9,Departure,5
44,SATURDAY,10,Departure,6
R4,SATURDAY,23,Departure,1
33,MONDAY,22,Departure,24
33,SATURDAY,14,Departure,29
44,TUESDAY,21,Departure,33
49,TUESDAY,10,Departure,21
84,SATURDAY,11,Departure,19
25,SUNDAY,14,Departure,7
49,SUNDAY,11,Departure,16
33,SUNDAY,11,Departure,18
9,SATURDAY,10,Departure,3
44,TUESDAY,9,Departure,7
R4,FRIDAY,23,Departure,5
25,MONDAY,23,Departure,7
4,SUNDAY,15,Departure,15
4,TUESDAY,22,Departure,14
25,WEDNESDAY,10,Departure,6
14,SUNDAY,10,Departure,9
49,SUNDAY,10,Departure,8
84,FRIDAY,22,Departure,3
84,WEDNESDAY,15,Departure,449
49,FRIDAY,12,Departure,199
R4,FRIDAY,15,Departure,576
84,MONDAY,11,Departure,136
84,THURSDAY,17,Departure,661
9,FRIDAY,19,Departure,54
49,FRIDAY,15,Departure,345
9,TUESDAY,14,Departure,102
49,FRIDAY,13,Departure,256
49,MONDAY,12,Departure,147
4,MONDAY,14,Departure,170
4,MONDAY,11,Departure,76
9,WEDNESDAY,20,Departure,98
14,TUESDAY,17,Departure,400
44,THURSDAY,18,Departure,311
4,FRIDAY,15,Departure,280
4,TUESDAY,18,Departure,302
25,THURSDAY,20,Departure,64
25,TUESDAY,12,Departure,52
14,WEDNESDAY,20,Departure,74
44,FRIDAY,14,Departure,191
4,MONDAY,15,Departure,201
33,TUESDAY,16,Departure,386
R4,MONDAY,19,Departure,328
R4,TUESDAY,20,Departure,244
14,WEDNESDAY,18,Departure,264
R4,SUNDAY,17,Departure,30
49,FRIDAY,11,Departure,121
9,MONDAY,22,Departure,13
49,MONDAY,15,Departure,315
14,FRIDAY,16,Departure,294
25,FRIDAY,17,Departure,196
44,FRIDAY,18,Departure,131
84,SATURDAY,13,Departure,32
33,MONDAY,20,Departure,91
49,MONDAY,10,Departure,23
49,TUESDAY,19,Departure,266
99,MONDAY,20,Departure,125
99,WEDNESDAY,22,Departure,44
33,TUESDAY,19,Departure,311
99,FRIDAY,17,Departure,496
4,MONDAY,20,Departure,61
99,TUESDAY,21,Departure,85
9,MONDAY,14,Departure,148
84,SATURDAY,12,Departure,35
49,TUESDAY,21,Departure,58
44,THURSDAY,19,Departure,163
33,FRIDAY,12,Departure,234
44,TUESDAY,15,Departure,196
99,SUNDAY,17,Departure,21
4,MONDAY,13,Departure,132
99,WEDNESDAY,10,Departure,39
99,SATURDAY,11,Departure,23
R4,SATURDAY,21,Departure,2
44,THURSDAY,13,Departure,99
44,SUNDAY,11,Departure,9
25,SUNDAY,15,Departure,10
99,FRIDAY,23,Departure,1
R4,MONDAY,22,Departure,38
14,TUESDAY,23,Departure,4
44,TUESDAY,10,Departure,25
84,WEDNESDAY,23,Departure,8
14,FRIDAY,20,Departure,8
9,THURSDAY,10,Departure,16
49,TUESDAY,23,Departure,8
44,MONDAY,22,Departure,7
44,SATURDAY,18,Departure,3
14,SATURDAY,10,Departure,11
9,SUNDAY,18,Departure,1
4,FRIDAY,21,Departure,2
44,FRIDAY,23,Departure,1
14,SATURDAY,20,Departure,1
33,MONDAY,15,Departure,307
4,THURSDAY,14,Departure,126
99,THURSDAY,19,Departure,337
R4,THURSDAY,17,Departure,839
49,THURSDAY,18,Departure,558
33,FRIDAY,16,Departure,482
R4,FRIDAY,17,Departure,629
R4,THURSDAY,16,Departure,742
84,SATURDAY,9,Departure,3
R4,WEDNESDAY,21,Departure,93
49,FRIDAY,17,Departure,409
33,FRIDAY,15,Departure,366
25,TUESDAY,17,Departure,209
44,THURSDAY,15,Departure,194
25,MONDAY,19,Departure,96
R4,TUESDAY,18,Departure,903
25,TUESDAY,14,Departure,73
84,TUESDAY,11,Departure,89
4,FRIDAY,13,Departure,159
49,FRIDAY,14,Departure,213
49,THURSDAY,19,Departure,250
25,THURSDAY,23,Departure,12
44,TUESDAY,14,Departure,136
49,WEDNESDAY,21,Departure,69
14,TUESDAY,15,Departure,207
84,TUESDAY,15,Departure,349
25,FRIDAY,14,Departure,105
49,MONDAY,20,Departure,95
14,THURSDAY,20,Departure,101
14,FRIDAY,18,Departure,114
49,SATURDAY,17,Departure,18
25,TUESDAY,10,Departure,9
44,THURSDAY,22,Departure,19
84,SUNDAY,10,Departure,20
4,SATURDAY,13,Departure,10
33,FRIDAY,10,Departure,37
33,TUESDAY,10,Departure,23
99,TUESDAY,22,Departure,34
4,MONDAY,19,Departure,86
33,THURSDAY,22,Departure,45
99,SATURDAY,10,Departure,6
4,SATURDAY,14,Departure,14
84,SATURDAY,17,Departure,23
25,TUESDAY,11,Departure,34
84,SUNDAY,17,Departure,27
R4,TUESDAY,23,Departure,13
4,FRIDAY,20,Departure,6
25,FRIDAY,10,Departure,13
44,TUESDAY,23,Departure,6
33,FRIDAY,20,Departure,17
44,SATURDAY,19,Departure,2
25,SUNDAY,16,Departure,12
14,FRIDAY,22,Departure,1
33,THURSDAY,12,Departure,124
9,FRIDAY,12,Departure,168
4,TUESDAY,14,Departure,120
49,MONDAY,19,Departure,187
49,TUESDAY,17,Departure,500
49,MONDAY,13,Departure,181
49,TUESDAY,18,Departure,541
44,TUESDAY,13,Departure,140
14,MONDAY,18,Departure,262
14,WEDNESDAY,17,Departure,345
84,TUESDAY,12,Departure,169
9,MONDAY,19,Departure,127
84,TUESDAY,20,Departure,205
25,TUESDAY,21,Departure,32
99,MONDAY,14,Departure,333
25,FRIDAY,11,Departure,71
25,TUESDAY,19,Departure,112
33,TUESDAY,14,Departure,187
49,SATURDAY,15,Departure,18
25,FRIDAY,12,Departure,88
44,WEDNESDAY,15,Departure,273
99,WEDNESDAY,14,Departure,301
99,WEDNESDAY,15,Departure,422
4,THURSDAY,12,Departure,76
49,WEDNESDAY,12,Departure,103
99,WEDNESDAY,21,Departure,84
84,TUESDAY,14,Departure,233
99,THURSDAY,11,Departure,98
4,WEDNESDAY,12,Departure,90
49,THURSDAY,20,Departure,181
R4,THURSDAY,9,Departure,6
R4,SATURDAY,16,Departure,33
44,THURSDAY,11,Departure,53
99,FRIDAY,20,Departure,15
99,SUNDAY,12,Departure,30
33,FRIDAY,19,Departure,87
R4,SATURDAY,11,Departure,33
84,SUNDAY,15,Departure,25
33,TUESDAY,21,Departure,79
4,MONDAY,10,Departure,34
14,SATURDAY,16,Departure,17
14,TUESDAY,22,Departure,13
R4,SUNDAY,14,Departure,27
9,MONDAY,21,Departure,41
33,SATURDAY,12,Departure,20
33,TUESDAY,22,Departure,39
84,SUNDAY,11,Departure,24
49,THURSDAY,10,Departure,18
84,MONDAY,23,Departure,13
99,SATURDAY,13,Departure,31
49,SATURDAY,18,Departure,4
4,WEDNESDAY,10,Departure,31
25,THURSDAY,11,Departure,18
99,WEDNESDAY,9,Departure,5
25,MONDAY,22,Departure,14
9,SATURDAY,12,Departure,7
44,SUNDAY,18,Departure,2
84,FRIDAY,21,Departure,4
25,FRIDAY,21,Departure,1
9,THURSDAY,18,Departure,385
9,FRIDAY,16,Departure,312
49,WEDNESDAY,18,Departure,448
44,MONDAY,18,Departure,227
44,FRIDAY,12,Departure,152
44,FRIDAY,16,Departure,293
44,MONDAY,17,Departure,317
44,THURSDAY,17,Departure,370
R4,THURSDAY,12,Departure,185
33,FRIDAY,13,Departure,311
49,MONDAY,21,Departure,46
9,TUESDAY,22,Departure,20
R4,TUESDAY,19,Departure,466
99,WEDNESDAY,12,Departure,168
4,MONDAY,16,Departure,348
84,WEDNESDAY,10,Departure,28
14,TUESDAY,13,Departure,116
14,THURSDAY,22,Departure,12
99,THURSDAY,21,Departure,80
4,TUESDAY,17,Departure,361
14,MONDAY,19,Departure,111
84,FRIDAY,18,Departure,278
84,MONDAY,14,Departure,310
44,MONDAY,19,Departure,153
33,FRIDAY,23,Departure,4
49,FRIDAY,22,Departure,4
84,WEDNESDAY,18,Departure,562
R4,TUESDAY,12,Departure,213
84,WEDNESDAY,13,Departure,221
4,TUESDAY,15,Departure,192
99,FRIDAY,10,Departure,73
99,FRIDAY,11,Departure,215
99,SATURDAY,14,Departure,20
9,TUESDAY,12,Departure,77
9,MONDAY,12,Departure,90
99,THURSDAY,13,Departure,197
R4,SUNDAY,18,Departure,7
99,SUNDAY,18,Departure,5
44,SATURDAY,16,Departure,11
R4,THURSDAY,23,Departure,18
14,WEDNESDAY,21,Departure,32
R4,TUESDAY,9,Departure,11
99,SATURDAY,17,Departure,22
9,SUNDAY,14,Departure,10
25,MONDAY,10,Departure,6
33,SUNDAY,18,Departure,4
84,WEDNESDAY,9,Departure,7
44,WEDNESDAY,9,Departure,4
9,MONDAY,10,Departure,7
44,SUNDAY,9,Departure,2
R4,THURSDAY,10,Departure,44
84,WEDNESDAY,19,Departure,292
4,FRIDAY,16,Departure,275
14,FRIDAY,15,Departure,297
14,THURSDAY,13,Departure,102
44,TUESDAY,17,Departure,365
14,WEDNESDAY,16,Departure,324
99,MONDAY,18,Departure,543
R4,THURSDAY,21,Departure,101
33,MONDAY,14,Departure,234
14,FRIDAY,12,Departure,166
33,WEDNESDAY,18,Departure,487
14,TUESDAY,16,Departure,305
14,FRIDAY,11,Departure,121
84,MONDAY,21,Departure,64
84,THURSDAY,12,Departure,168
9,WEDNESDAY,13,Departure,110
25,MONDAY,18,Departure,157
44,TUESDAY,18,Departure,316
99,MONDAY,12,Departure,179
9,FRIDAY,17,Departure,266
R4,WEDNESDAY,13,Departure,272
33,WEDNESDAY,15,Departure,295
4,MONDAY,18,Departure,219
R4,THURSDAY,20,Departure,230
84,WEDNESDAY,22,Departure,45
9,TUESDAY,11,Departure,41
9,WEDNESDAY,19,Departure,157
4,SATURDAY,11,Departure,19
4,WEDNESDAY,21,Departure,45
9,MONDAY,11,Departure,53
33,TUESDAY,11,Departure,61
4,THURSDAY,13,Departure,117
25,MONDAY,15,Departure,130
49,THURSDAY,11,Departure,55
84,MONDAY,20,Departure,122
84,SUNDAY,13,Departure,22
25,TUESDAY,13,Departure,68
84,THURSDAY,23,Departure,20
4,THURSDAY,21,Departure,33
14,SUNDAY,16,Departure,9
4,SATURDAY,17,Departure,9
99,MONDAY,10,Departure,41
25,THURSDAY,15,Departure,79
14,FRIDAY,9,Departure,9
33,SUNDAY,10,Departure,10
R4,SATURDAY,10,Departure,17
14,THURSDAY,10,Departure,26
R4,TUESDAY,22,Departure,50
49,WEDNESDAY,22,Departure,30
14,WEDNESDAY,22,Departure,12
9,SUNDAY,11,Departure,14
R4,SATURDAY,15,Departure,34
44,FRIDAY,9,Departure,9
84,SUNDAY,14,Departure,32
14,MONDAY,9,Departure,4
14,THURSDAY,9,Departure,2
84,SUNDAY,9,Departure,2
84,THURSDAY,9,Departure,5
25,TUESDAY,23,Departure,2
14,TUESDAY,9,Departure,3
44,FRIDAY,22,Departure,2
49,WEDNESDAY,17,Departure,484
R4,MONDAY,16,Departure,743
84,FRIDAY,12,Departure,308
84,THURSDAY,16,Departure,582
R4,THURSDAY,14,Departure,300
49,TUESDAY,15,Departure,207
14,MONDAY,15,Departure,259
44,FRIDAY,15,Departure,257
44,WEDNESDAY,14,Departure,153
R4,THURSDAY,13,Departure,274
44,MONDAY,15,Departure,244
44,WEDNESDAY,22,Departure,17
4,TUESDAY,12,Departure,85
49,THURSDAY,15,Departure,203
14,MONDAY,14,Departure,170
4,THURSDAY,18,Departure,304
99,TUESDAY,12,Departure,174
14,WEDNESDAY,15,Departure,258
14,THURSDAY,21,Departure,43
49,WEDNESDAY,19,Departure,258
99,FRIDAY,14,Departure,351
9,SATURDAY,17,Departure,22
R4,SATURDAY,13,Departure,42
4,WEDNESDAY,13,Departure,128
4,MONDAY,12,Departure,107
84,FRIDAY,11,Departure,200
33,SATURDAY,10,Departure,9
49,SUNDAY,14,Departure,34
99,WEDNESDAY,19,Departure,307
14,SUNDAY,12,Departure,18
84,TUESDAY,22,Departure,31
99,SATURDAY,16,Departure,35
4,MONDAY,21,Departure,39
14,WEDNESDAY,13,Departure,147
14,SATURDAY,14,Departure,19
4,WEDNESDAY,20,Departure,70
84,THURSDAY,21,Departure,79
25,WEDNESDAY,13,Departure,64
9,FRIDAY,10,Departure,21
9,THURSDAY,21,Departure,47
49,SATURDAY,12,Departure,20
84,TUESDAY,21,Departure,80
4,WEDNESDAY,11,Departure,49
4,SUNDAY,14,Departure,14
49,SATURDAY,10,Departure,11
4,SUNDAY,16,Departure,16
14,SATURDAY,13,Departure,13
14,SUNDAY,15,Departure,14
25,TUESDAY,22,Departure,12
R4,WEDNESDAY,9,Departure,5
84,TUESDAY,9,Departure,6
14,SUNDAY,17,Departure,7
44,SATURDAY,17,Departure,10
4,MONDAY,9,Departure,6
4,WEDNESDAY,9,Departure,5
49,SUNDAY,18,Departure,1
4,SATURDAY,9,Departure,2
84,TUESDAY,18,Departure,698
49,THURSDAY,17,Departure,481
4,TUESDAY,16,Departure,302
R4,MONDAY,18,Departure,641
R4,WEDNESDAY,15,Departure,556
9,WEDNESDAY,16,Departure,305
33,MONDAY,18,Departure,444
R4,WEDNESDAY,17,Departure,827
R4,TUESDAY,17,Departure,838
4,FRIDAY,17,Departure,232
33,SATURDAY,17,Departure,14
14,THURSDAY,16,Departure,329
99,WEDNESDAY,17,Departure,662
25,MONDAY,20,Departure,47
44,THURSDAY,16,Departure,314
84,THURSDAY,20,Departure,184
99,MONDAY,16,Departure,603
99,TUESDAY,14,Departure,230
R4,THURSDAY,19,Departure,458
R4,WEDNESDAY,23,Departure,12
49,TUESDAY,13,Departure,140
25,WEDNESDAY,14,Departure,76
99,TUESDAY,13,Departure,223
14,THURSDAY,14,Departure,117
14,TUESDAY,20,Departure,101
9,FRIDAY,15,Departure,241
9,THURSDAY,15,Departure,146
33,TUESDAY,18,Departure,609
99,SUNDAY,10,Departure,15
49,SUNDAY,16,Departure,26
99,MONDAY,15,Departure,441
R4,MONDAY,13,Departure,332
9,THURSDAY,23,Departure,10
49,THURSDAY,12,Departure,97
R4,FRIDAY,11,Departure,245
4,THURSDAY,15,Departure,217
25,FRIDAY,16,Departure,178
14,MONDAY,11,Departure,66
4,TUESDAY,21,Departure,31
R4,SATURDAY,12,Departure,25
9,WEDNESDAY,23,Departure,4
33,SATURDAY,16,Departure,20
84,SUNDAY,16,Departure,31
25,FRIDAY,19,Departure,44
49,WEDNESDAY,10,Departure,13
44,SUNDAY,12,Departure,12
25,TUESDAY,15,Departure,89
9,TUESDAY,23,Departure,9
25,MONDAY,11,Departure,31
44,WEDNESDAY,21,Departure,36
14,MONDAY,10,Departure,31
99,TUESDAY,10,Departure,34
9,FRIDAY,22,Departure,3
14,SUNDAY,9,Departure,2
9,FRIDAY,20,Departure,7
4,SUNDAY,13,Departure,14
33,SATURDAY,21,Departure,1
14,WEDNESDAY,9,Departure,4
4,SUNDAY,9,Departure,1