start_date,end_date,label,source_url
2025-09-02,2025-12-05,winter_term_1_classes,https://vancouver.calendar.ubc.ca/academic-year-202526/all-months
2025-11-10,2025-11-12,winter_term_1_midterm_break,https://vancouver.calendar.ubc.ca/academic-year-202526/all-months
2025-12-09,2025-12-20,winter_term_1_exams,https://vancouver.calendar.ubc.ca/academic-year-202526/all-months
2026-01-05,2026-04-10,winter_term_2_classes,https://vancouver.calendar.ubc.ca/academic-year-202526/all-months
2026-02-16,2026-02-20,winter_term_2_midterm_break,https://vancouver.calendar.ubc.ca/academic-year-202526/all-months
2026-04-14,2026-04-25,winter_term_2_exams,https://vancouver.calendar.ubc.ca/academic-year-202526/all-months
2026-05-11,2026-06-18,summer_term_1_classes,https://vancouver.calendar.ubc.ca/academic-year-202526/all-months
2026-06-22,2026-06-26,summer_term_1_exams,https://vancouver.calendar.ubc.ca/academic-year-202526/all-months
2026-07-06,2026-08-13,summer_term_2_classes,https://vancouver.calendar.ubc.ca/academic-year-202526/all-months
2026-08-17,2026-08-21,summer_term_2_exams,https://vancouver.calendar.ubc.ca/academic-year-202526/all-months
2026-09-08,2026-12-07,winter_term_1_classes,https://vancouver.calendar.ubc.ca/dates-and-deadlines
2026-11-09,2026-11-11,winter_term_1_midterm_break,https://vancouver.calendar.ubc.ca/dates-and-deadlines
2026-12-11,2026-12-22,winter_term_1_exams,https://vancouver.calendar.ubc.ca/dates-and-deadlines
