week_start_local,week_end_local,record_count,expected_baseline_records,activity_ratio,observed_bins,quality_flag
2025-10-27,2025-11-02,46670,39852.0,1.1711,112,partial_week|hourly_alignment_unverified
2025-11-03,2025-11-09,244763,165712.0,1.477,336,hourly_alignment_unverified
2025-11-10,2025-11-16,220902,166325.5,1.3281,336,hourly_alignment_unverified
2025-11-17,2025-11-23,322463,165540.5,1.9479,336,hourly_alignment_unverified
2025-11-24,2025-11-30,310452,165610.5,1.8746,336,hourly_alignment_unverified
2025-12-01,2025-12-07,301887,165540.5,1.8236,336,hourly_alignment_unverified
2025-12-08,2025-12-14,224726,166107.0,1.3529,336,hourly_alignment_unverified
2025-12-15,2025-12-21,128395,169188.5,0.7589,336,hourly_alignment_unverified
2025-12-22,2025-12-28,97279,170280.0,0.5713,336,hourly_alignment_unverified
2025-12-29,2026-01-04,97873,170150.0,0.5752,336,hourly_alignment_unverified
2026-01-05,2026-01-11,236350,165770.0,1.4258,336,hourly_alignment_unverified
2026-01-12,2026-01-18,236042,165848.5,1.4232,336,hourly_alignment_unverified
2026-01-19,2026-01-25,235399,165785.0,1.4199,336,hourly_alignment_unverified
2026-01-26,2026-02-01,209279,166291.5,1.2585,336,hourly_alignment_unverified
2026-02-02,2026-02-08,218586,165695.0,1.3192,336,hourly_alignment_unverified
2026-02-09,2026-02-15,232976,165642.0,1.4065,336,hourly_alignment_unverified
2026-02-16,2026-02-22,154677,168758.0,0.9166,336,hourly_alignment_unverified
2026-02-23,2026-03-01,209715,165865.0,1.2644,336,hourly_alignment_unverified
2026-03-02,2026-03-08,243418,164844.0,1.4767,334,hourly_alignment_unverified
2026-03-09,2026-03-15,244381,165649.0,1.4753,336,hourly_alignment_unverified
2026-03-16,2026-03-22,244744,165658.0,1.4774,336,hourly_alignment_unverified
2026-03-23,2026-03-29,274455,165552.5,1.6578,336,hourly_alignment_unverified
2026-03-30,2026-04-05,259312,165592.5,1.566,336,hourly_alignment_unverified
2026-04-06,2026-04-12,242650,165690.5,1.4645,336,hourly_alignment_unverified
2026-04-13,2026-04-19,200526,166580.0,1.2038,336,hourly_alignment_unverified
2026-04-20,2026-04-26,138614,169599.5,0.8173,336,hourly_alignment_unverified
2026-04-27,2026-05-03,100737,170313.5,0.5915,336,hourly_alignment_unverified
2026-05-04,2026-05-10,137607,170218.0,0.8084,336,hourly_alignment_unverified
2026-05-11,2026-05-17,137426,170158.0,0.8076,336,hourly_alignment_unverified
2026-05-18,2026-05-24,162071,168252.5,0.9633,336,hourly_alignment_unverified
2026-05-25,2026-05-31,159097,168010.0,0.9469,336,hourly_alignment_unverified
2026-06-01,2026-06-07,151057,169847.0,0.8894,336,hourly_alignment_unverified
2026-06-08,2026-06-14,151548,169794.5,0.8925,336,hourly_alignment_unverified
2026-06-15,2026-06-21,151818,169850.0,0.8938,336,hourly_alignment_unverified
2026-06-22,2026-06-28,150373,169810.5,0.8855,336,hourly_alignment_unverified
2026-06-29,2026-07-05,136852,170282.5,0.8037,336,hourly_alignment_unverified
2026-07-06,2026-07-12,141639,170273.5,0.8318,336,hourly_alignment_unverified
2026-07-13,2026-07-19,142328,170200.5,0.8362,336,hourly_alignment_unverified
2026-07-20,2026-07-26,141174,170198.5,0.8295,336,hourly_alignment_unverified
2026-07-27,2026-08-02,129535,170257.5,0.7608,336,hourly_alignment_unverified
2026-08-03,2026-08-09,110981,170362.5,0.6514,336,hourly_alignment_unverified
2026-08-10,2026-08-16,113632,170346.5,0.6671,336,hourly_alignment_unverified
2026-08-17,2026-08-23,98046,170404.5,0.5754,336,hourly_alignment_unverified
2026-08-24,2026-08-30,96354,170403.5,0.5654,336,hourly_alignment_unverified
2026-08-31,2026-09-06,11451,23245.0,0.4926,34,partial_week|hourly_alignment_unverified
