year,metric,route_or_all_routes,direction,time_period,value,unit,source_url,source_note
2023,all_person_trips_to_from_campus,all_routes,both,fall_weekday_all_day,144600,trips_per_weekday,https://planning.ubc.ca/sites/default/files/2026-06/UBC2025-TransportationStatusReport-FINAL.pdf,UBC 2025 Transportation Status Report
2023,all_transit_trips_to_from_campus,all_routes,both,fall_weekday_all_day,77100,trips_per_weekday,https://planning.ubc.ca/sites/default/files/2026-06/UBC2025-TransportationStatusReport-FINAL.pdf,UBC 2025 Transportation Status Report
2023,daytime_population,all_routes,both,fall_weekday_daytime,64200,fte,https://planning.ubc.ca/sites/default/files/2026-06/UBC2025-TransportationStatusReport-FINAL.pdf,UBC 2025 Transportation Status Report
2023,transit_mode_share,all_routes,both,fall_weekday_all_day,53,percent,https://planning.ubc.ca/sites/default/files/2026-06/UBC2025-TransportationStatusReport-FINAL.pdf,UBC 2025 Transportation Status Report
2024,all_person_trips_to_from_campus,all_routes,both,fall_weekday_all_day,152400,trips_per_weekday,https://planning.ubc.ca/sites/default/files/2026-06/UBC2025-TransportationStatusReport-FINAL.pdf,UBC 2025 Transportation Status Report
2024,all_transit_trips_to_from_campus,all_routes,both,fall_weekday_all_day,79000,trips_per_weekday,https://planning.ubc.ca/sites/default/files/2026-06/UBC2025-TransportationStatusReport-FINAL.pdf,UBC 2025 Transportation Status Report
2024,daytime_population,all_routes,both,fall_weekday_daytime,64300,fte,https://planning.ubc.ca/sites/default/files/2026-06/UBC2025-TransportationStatusReport-FINAL.pdf,UBC 2025 Transportation Status Report
2024,transit_mode_share,all_routes,both,fall_weekday_all_day,52,percent,https://planning.ubc.ca/sites/default/files/2026-06/UBC2025-TransportationStatusReport-FINAL.pdf,UBC 2025 Transportation Status Report
2025,all_person_trips_to_from_campus,all_routes,both,fall_weekday_all_day,151900,trips_per_weekday,https://planning.ubc.ca/sites/default/files/2026-06/UBC2025-TransportationStatusReport-FINAL.pdf,UBC 2025 Transportation Status Report
2025,all_transit_trips_to_from_campus,all_routes,both,fall_weekday_all_day,81400,trips_per_weekday,https://planning.ubc.ca/sites/default/files/2026-06/UBC2025-TransportationStatusReport-FINAL.pdf,UBC 2025 Transportation Status Report
2025,campus_screenline_transit_trips,49,both,fall_weekday_all_day,12880,trips_per_weekday,https://planning.ubc.ca/sites/default/files/2026-06/UBC2025-TransportationStatusReport-FINAL.pdf,Table 3.3
2025,campus_screenline_transit_trips,99,both,fall_weekday_all_day,18600,trips_per_weekday,https://planning.ubc.ca/sites/default/files/2026-06/UBC2025-TransportationStatusReport-FINAL.pdf,Table 3.3
2025,campus_screenline_transit_trips,R4,both,fall_weekday_all_day,16832,trips_per_weekday,https://planning.ubc.ca/sites/default/files/2026-06/UBC2025-TransportationStatusReport-FINAL.pdf,Table 3.3
2025,campus_screenline_transit_trips,all_transit_routes,eastbound_away_from_ubc,fall_weekday_09:00-10:00,1500,trips_per_weekday,https://planning.ubc.ca/sites/default/files/2026-06/UBC2025-TransportationStatusReport-FINAL.pdf,Table 2.3 all transit routes
2025,campus_screenline_transit_trips,all_transit_routes,eastbound_away_from_ubc,fall_weekday_17:00-18:00,5655,trips_per_weekday,https://planning.ubc.ca/sites/default/files/2026-06/UBC2025-TransportationStatusReport-FINAL.pdf,Table 2.3 all transit routes
2025,campus_screenline_transit_trips,all_transit_routes,westbound_toward_ubc,fall_weekday_09:00-10:00,5094,trips_per_weekday,https://planning.ubc.ca/sites/default/files/2026-06/UBC2025-TransportationStatusReport-FINAL.pdf,Table 2.3 all transit routes
2025,campus_screenline_transit_trips,all_transit_routes,westbound_toward_ubc,fall_weekday_17:00-18:00,2875,trips_per_weekday,https://planning.ubc.ca/sites/default/files/2026-06/UBC2025-TransportationStatusReport-FINAL.pdf,Table 2.3 all transit routes
2025,daytime_population,all_routes,both,fall_weekday_daytime,65400,fte,https://planning.ubc.ca/sites/default/files/2026-06/UBC2025-TransportationStatusReport-FINAL.pdf,UBC 2025 Transportation Status Report
2025,transit_mode_share,all_routes,both,fall_weekday_all_day,53.6,percent,https://planning.ubc.ca/sites/default/files/2026-06/UBC2025-TransportationStatusReport-FINAL.pdf,UBC 2025 Transportation Status Report
